Row_Labels,Count_AnimalName
RENNY,1
DEEDEE,2
GLADIATOR,1
NESTLE,1
NYKE,1
BABY GIRL,3
EVVIE,1
AMADEUS,1
FINLEY,4
C.C.,1
ALLY MAY,1
ADELE,1
PRINCESS PEA,1
OSLO,1
ROMEO GRAY,1
APPA,1
BANDIDO,1
BESSIE,1
SUSIE Q II,1
NAMASTE,1
SQUIRT,2
NIKE,4
ELLIE BEAN,1
SHEBAH BEAR,1
JENNY LYNN,1
FENWAY,2
CLETUS,1
TOBY II,1
ANGUS,10
RYLEE,1
CHITU,1
BUXTON,1
YUM YUM,1
MCCOY,1
TANGO,2
KEYNA,1
JUDE,1
EL NINO,1
BUG,2
JOLI,1
ROWDEY,2
GABY,3
CHINO,4
MUSKA,1
SHYLO,1
BOOTS,2
LENNY,6
JUNIOR,1
DESDEMONA,1
ZAMBO,1
SIRIUS,2
IZABELL,1
D.O.G.,2
PJ,4
MARLEY,23
ANUBIS,2
ESKA,3
MACKENZIE,5
CROUTON,1
TREY,1
IZABEL,1
TOYA,1
GERTIE,3
ILA,1
QUIGLEY,1
MERRY,1
BRINDLE,1
DIMSUM,1
QUOY,1
GIZ,1
AYLA,4
SUKI,4
FELIX,3
LACEY,7
DENIM,1
NOIR,1
ALEXIS,1
KINLEY,9
SPECIAL,1
ACE,9
RUDOLPH,1
ERIS,2
TICANI,1
WAYLON,1
HAROLD,2
CET,1
KONA,25
BOBOI,1
TRAPPER,7
TOWELIE,1
CAESER,2
NANCY,1
JUSTY,1
BIG BEN,1
KALUB,1
SAPPHIRE,1
TEDI BEAR,1
MIMI,4
COLEY BEAR,1
CHIKA,1
KHALUA,1
CHILIE,1
PUNGO,1
KAFKA,1
SNOWEE,1
TRUDY,4
BEETHOVEN,1
KAINO,1
SPIDERMAN,1
PHEONIX,1
SATO,1
WILEY,3
SHAKIE,1
TOBLERONE,2
CUBBY BEAR,1
OTTO,4
BAYLEE,3
SONYA,1
KISMET,2
COWBOY,5
LUKA,3
LUCY BROWN,1
GRIFFEN,1
BJ,1
POOH,1
MOONSHINE,1
SUSUKI,1
MARCELL,1
HAKU,1
WEDGE,1
TULI,1
JJIN,1
CHING CHING,1
CUJO,3
CALYPSO,1
JIMMY BUCKET,1
KAVIK,1
LEXIE,4
BRUCE,8
WILSON,2
MOOGAN,1
MAZZOLINI,1
MIZUKI,1
TIKKI,1
STACEY,1
MAHLI,1
TUULI,3
PATIENCE,2
SHEEP,1
YOZHKA,1
MACHO,1
ODIN,10
SHANE,3
D'BO,1
NICKI,3
AMELIA,1
SPICE,4
SCARFACE,1
HAYDEN,1
COBALT,1
OLE,1
HOOPER,3
HANS,2
DEE DEE,2
GROMIT,2
KYLA,1
DORA,3
KENIA,1
SEVERAS,1
MEMPHIS,1
PATSY,2
BUNTA,1
NAPOLEON,2
GANDALF,1
FISHER,2
BLIZZ,1
WOOTER,1
GRIFFON,1
HUDY,1
TIDBIT,1
MS LILIE,1
EM'REI JOY,1
KINGSTON,2
SAGE,4
BARNABAS,1
MARTIN,1
KAYMA,1
ASPEN,7
MABEL,3
HOBBS,3
FIFI,3
NINO,1
CIVIC,1
CECE,3
TETSUO,1
PEDEY,1
ZELDA,4
SASHA BEAR,1
ZURI,1
DOUGLAS,4
SNO,1
HUBERT,1
SOLO,4
KYLO,1
COLT,4
MASON,7
TROUT,2
BARLEY,5
BAILEY,58
AKITO,1
JOANIE,3
KODOS,1
BENJI,6
SULLEY,1
CJ,1
ROXY,50
BILL,1
MR.SMALL,1
BRIDGER,1
RUGER,22
BUBU,1
DIVER,2
ANNABELLA,1
GIDGET ROSE,1
ITTYBIT,1
JUNO REGINA,1
SYDNEY MARIE,1
TUBS,1
BINGLEY,1
LADY BUG,2
KELTY,1
BOMBER,2
OOSE,1
OLA,1
ELIJAH,1
SERA,1
BIESEN,1
LUNA,49
NOOKAH,1
COOTER,1
SWAMPER,1
RED,7
OLIVE OYL,1
RUPERT,4
ASOKA,1
VIGO,1
FREEDOM,2
DINGO,2
PATCH,4
CAIN,1
CURRIE,1
TAZ,15
SHAGGY,1
INGRID,1
SMOKEY,12
SHASTA,2
POKITZ,1
ICY,2
CAPTAIN,6
KEVA,1
SISSY,1
FOZZI,1
ATTA-GIRL,1
HADLEY,1
KILEY,1
BERTIE,1
AUSTRINGER,1
KIEFER,2
HOMER,9
TROUBLE TOO,1
BURLY,1
UN0,1
QUAGMIRE,1
ROXXY,1
TOGO,1
BAHITI,1
GIBSON,1
TUG,3
SEBASTYN,1
BRODY,11
FOXY,5
CIARA,1
MERLE,2
JODIE,2
RICOO,1
HAILEE,1
CORBIE,1
ROO,7
JAYTEE,1
JAX,16
ELBE,1
BOWMORE,1
ROLO,6
LUPIN,1
SASSENAUCH,1
PUCK,2
BRODY DUNCAN,1
ZUKA,1
BROM,1
MOOCHIE,1
BRIAN,2
ADELYN,1
FYRNE,1
BECKER,1
SHERON,1
PUGSY,1
HONEY BUNS,1
CHICO,7
KASCH,1
GURTIE,1
ASHA,3
SUMMITT,1
CHOO,1
MINKA,3
FLUFFY BLAZE,1
VENTA GUMS,1
GIDDEON,1
GELIEBTE,1
JILLY,1
LAONA,1
CHEEBA,1
TIKI,1
RAZEE,1
MERIWEATHER,1
LEROY BROWN,1
CHOMP JR,1
DOKY,1
ZEPHYR,4
POSEY,1
SARGENT,1
CHILI,3
COOKIE,9
DUNCAN JR,1
LADY MARIE,1
CHUNK,1
DAISY,66
MICAH,1
MAXIE,1
JENNI,1
MOJITO,1
DAZ,1
TIGER,2
METALLICA,1
LUCY #2,1
LEXY,1
SNOOP,2
RAEDO,1
SERENA,1
LUCY LU,2
MOSES,2
KAMIE,1
OBERON,1
KATE,3
CECI,1
YUKI,7
SATCHY,1
BUCK,6
WEATHERBY,1
CALLI,1
CHEEKONI,1
PHOEBE,11
DUKE,45
CLEASTWOOD,1
DOOGAN,1
KUUAKI,1
JUELZ,1
LOYD,1
LAPKA,1
JESUS,1
GYPSY GRACE,1
TIKVA,1
ALTA,1
BUNKIE,1
KEITA,1
BLANCA,3
ROTOR,1
IVY LULU,1
BERNADETTE,2
MONSTER,1
CHEY,1
NATASHA,1
SAFFRON,1
YOGI BEAR,1
MJ,3
BEAUFORD,1
RACHELL,1
DUFFY,3
PALAGI,1
KOOPER,2
HAZEL,13
CURLY-GIRL,1
TOKI,1
KRUNK,1
TIPPIE,1
DANDY MCRUFF,1
STARBUCK,1
LANCER,1
RUBEN,1
LILLIANNA,1
LARRY,2
BOBO,2
CORDELIA,2
JOVIE,1
ATTIE,1
KAILUA,1
JACOB,1
MICKEY,16
HOBO,1
CHIQUITO,1
JAMESBOND,1
BUTCH,3
RAIDEN,1
LOGAN,6
ONA,1
PEPPERMINT,1
S,1
BRANDY 2,1
PACHA,1
BANE,1
DRACO,3
PONO,1
TROOPER,7
LEO,15
MCKENZIE,4
OZZIE,4
TACKER,1
SODA,1
KLIM,1
ELKE,1
SPYDER,1
EKLUTNA,1
MAIZY,3
PINKY,1
SADIE,77
FRIDAY,1
KIKI,6
CARDI,1
TURKIE,1
MISSER,1
MACLAREN,1
TAMARI,1
IZEE,1
KIMCHI,1
BARRACUDA,1
CHATANIKA,1
RIOCOCHET,1
KATIANNA,1
CEECEE,1
JAK,1
PEANUT,16
ZANDER,2
TASSIE,1
MINA,1
ODIE,8
YETI,1
COWGIRL,1
TURBO,3
MONACO,1
SAMBA,1
COTTON,2
HAMISH,2
SUFJAN,1
CHOCCO,1
PADDINGTON,1
HUXLEY,1
DOSIA,1
KISHA,1
BRIANA,1
PINT,1
ROGUE,4
AMMO,2
JAGIYA,1
ZEENA,1
CHARLIEGH,1
BREWTUS,1
LIAM,3
HENDO,1
TRUFFLE,1
MOCHI,1
TRIGGER,9
TANNER,2
PLINY,1
SAMBO,1
SCARLETT,2
ILLA,1
ZOE,22
STORMIE,1
SNOOPI,1
DAVE,1
KEBA,1
BARTHOLOMEW,1
TRITON,2
TALI,2
MOLLEE,1
DOBY,1
DEEZLE,1
VINNIE,2
SNOWY,2
DEKE,1
WHEELER,1
TASER,1
SUBIE,1
HENNY,1
CRICKET,6
CAPPIE,1
UKIAH,1
ELLIOTT,1
DARCIE,1
BEAUTI,1
TATER,2
SKAI,1
ROSS,1
FREIJA,1
KIVI,1
WILLOW KAYA,1
ARETE,1
GUCCI,4
SITKA,9
HANDSOME,1
TEEKA,3
RILEE,1
TUSKER,1
ARIE,1
TEX,1
LILY MAE,1
JAMESON,1
MIKAH,1
RANSOM,1
KLINK,1
JULIE,3
GUSSY,2
MISS LADY,1
MYA,5
LADYBUG,1
CLYDE,6
ZAHA,1
BRANDILYNN,1
VIENNA,2
ZIGGY,10
MCGEE,2
MILKA,1
FALCOR,1
PO,1
HERMAN,1
MAPLE,5
SUZIE,2
LILLY,22
PENNYWOLF,1
BEAR,47
PATSY CLINE,1
CHEWEE,1
RICKI,1
CHAMOIS,1
VIDA LOCA,1
KORA,1
SAUNTEE,1
CALLY,1
TRUCK,1
KAHN,3
HUGO,3
ABIGAIL,5
ASTA,1
CELLO,1
PUFF,1
JONNI,1
WRANGELL,4
GUSTAVO,1
ESMA,1
SAUL,1
JUNEBUG,1
SANDY GIRL,1
JACK FROST,1
BRAMI,1
TALLULAH,2
TEN TEN,1
HARLEY,38
YOGI,2
JEB,2
LEONIDAS,1
MISHAA,1
ROUSEY MAY,1
ZORO,1
REMUS,2
BEANSIDHE,1
KELSO,1
MAN E,1
TROY,5
RENJI,1
PHIL,1
KNOTTY,1
AMOS,2
CURLY,1
BODE,2
MATILDA,4
CLAIRE,2
SARGE,9
MISTER,4
GODIVA,1
WENDELL,1
SHUFTI,1
DEOGE,1
DOUGAL,1
APU,2
TORO,1
COUGAR,2
FLICKA,1
NEESA,1
TAMI,1
SILKIE,1
WALLEY,1
MOOJI,1
BELLA (RUBY),1
THE DUDE,1
REX,8
SIERRA,9
ULBRECHT,1
TINNIE,1
SPRING,2
HORNSBY,1
TEDDY BEAR,1
MAI'LOH,1
BLOSSOM,2
HOLLY,15
ALY,2
LANEY,3
RUGER MATHE,1
DANCER,1
BELLE,21
DAUBI,1
CALLIE ROSE,1
SETH,1
IRISH,1
SWIPER,1
TEDDY RUXPIN,1
FULTON,1
PORK CHOP,1
MARS,1
POOCHIE,1
MURPH,2
DINO,1
RODDY,1
KANYA,1
DUCT TAPE,1
PETEY,4
TULLY,1
PISTOL PETE,1
MIKI,2
LOOMIS,1
SPINNAKKER,1
JUDY,2
LASKA,1
CUERVO,1
FREDDIE,3
MEADOW,1
BRIOSCA,1
FINNIGAN,1
SIPSEY,2
GENNY,1
AY JAY,1
DITTO,1
CALLIE MAE,1
CHANCEY,1
DUTCHESS,6
CALLIE,12
BENTLEY,26
BROOKE,1
ELLE,1
ONYA,1
BUBBA GUMP,1
CHUB,1
ROCKEY,2
NAIA,1
CHUBBERS,1
MAKARORA,1
HOOVER,3
WOOBY,1
KOVU,2
ODO,1
QANTAS,1
CINNY,1
TINK,4
MURPHY,25
JAZMINE,3
ZORBA,2
KALA,1
WALDO,2
ARLIE,1
BRIN,1
BEAMER,2
GUI,1
POCA,1
REECES,1
NICOLETTE,1
SKYLAR,3
RUSSELL,2
DEMI,1
PESTO,1
CHACO,2
IIKE,1
TREVOR,1
CINCH,1
VADER,2
DARLA,2
HILDY,1
WHISKEY,2
KANYE,2
BIXBY,1
DAISY-BELLE,1
MALI SUMMER,1
EZIO,1
SPINK,1
AMICO,1
CIDLEY,1
KUZCO,1
WINSTON,19
SHAMROCK,1
STARBURST,1
MADDIE,14
JIMMY,3
RAMPAGE,1
DUDLEY,2
GUINEA,1
GEO,1
GRAYSON,1
ZOLA,1
SALCHA,1
GROMMET,1
PHEOBE,1
HOMESLICE,1
PUMPKIN,1
COALBY,1
LINCOLN,4
MOTLEY,1
CORBY,1
CHACHA,1
MIGGS,1
SPOCK,2
MAKENA,1
CANDY,2
SOAP,1
MAGGIE MOON,1
MIK,1
TEXAS,1
CHELIOS,1
SAVANNAH,2
CASEY,9
ROXIE,12
UNA,1
SABRINA,1
FRAYA,1
KOBY,1
JADA,2
SHERLOCK,1
REILLY,1
STUARTLITTLE,1
NATCHIQ,1
SHAHARA,1
ABBIE,5
NOVA,8
IOREK,1
MEL,1
CISCO KID,1
REMINGTON,7
KUSKA,1
CALI,11
MARLENA NOVA,1
IZZI,1
SPEEDY,2
OOSHKA,1
ZIGGS,1
SPRINGZ,1
JAY JAY,1
TOGIAK,1
SHAWN,1
CHOLO,1
KIEDIS,1
HITO,1
WILE E,1
JALCE,1
SLEEPY,1
LULA,1
COSTA,1
POLAR EXPRES,1
PUDDIN,2
MAGNUS,1
KLAUS,1
ZARA,1
ROLLO,1
CHOCO,1
MAXIMILLIAN,1
SOLDIER,2
BOB,4
FITZGERALD,1
KVICHAK,1
DIEZ,1
AJAXX,1
KIT,2
DASIA,1
LINK,3
LEROY JENKIN,1
CLEO,9
SCOOTER,14
BOU,1
DESILU,1
GIGI,7
LEILA,3
JUNI,1
NIKA MARIE,1
NUTMEG,3
PHEDRA,1
OMA,1
COOKIE BOY,1
BRANDEE,1
THUNDERBOLT,1
VIOLET,5
MITTIE,1
BRENNI,1
BIGGIE SMALL,1
LITTLE GUY,1
ARIEL,2
SANDY PALMER,1
JUSTINE,1
KLUANE,1
RUSSEL,1
FAUST,1
MAPRAW,1
TUTSI,1
YURI,1
SEDONA PIP,1
MYA DAVILA,1
ROMAC,1
BAYA,1
TEDDI BEAR,1
SUMITT,1
ATHENA,20
KANU,1
KEPLER,1
MISSY,25
GODDESS,1
MYAH,1
BILLY,2
LUEY,1
QUIANA,1
BUDDY,79
SONNE,1
GOOFY,3
STACHE,1
SPOT,3
KIERA REY,1
CORKY,2
AMBUSH,1
EVE,2
HUNEE,1
PATRIOT,1
POLAR,2
COAL,3
LAILA,2
KIRBY,2
BELLA,112
MOOGIE,1
MARIO,3
MR DEEDS,1
WIZARD,2
COAST,1
BERNIE,6
ADDIE MAE,1
LUCAS,3
JALIS,1
KATIE,19
PANCHO,1
AUSTIN,3
ACHILLES,3
LUX,1
OLIVER,21
SIBELIUS,1
JUAN,1
FIEKA,1
POKEY,1
OLIE,2
AMAK,1
STRAW,1
SKIPPY,5
HODIE,1
TEGAN,2
HANA,1
REMMY,1
SUGAR,19
PONGO,1
ASTRO,2
GATSBY,1
TIPPY,2
NIKO,5
REGAN,1
JASLYNN,1
ESSIE,1
DOUG,2
SAHARA,1
PABLO,2
SID,2
MOSSY,1
YUUKO,1
BUSTER SHARP,1
TIGGER,6
SHELL,1
LAKOTA,2
POCO,1
ZAMBI,1
SPUNK,1
KK,1
MAKENNA,1
FORREST,3
NYEA,1
ADELAIDE,1
SMIKE,1
WOODY,3
NELLIE,10
VENN,1
DAVINCHY,1
AXSEL,1
RASTA,3
KAYOS,1
RUBERT (RUBY,1
RAMONA,2
BOLT,6
KI,1
LOUIS,2
ESTREA,1
QUINN,4
FERRET,1
CARAH,1
MACKLIN,1
PICARD,1
FORCIA,1
COCOA,13
TENAKEE,1
ELE ELE,1
CHARLIE GIRL,1
RENO,4
CO CO,1
MR. BLUE,1
HAWLEY,1
MULDER,1
BEHR,1
JOSEPHINE,2
YAHTZEE,1
SHAKESPEARE,2
PIKA,2
RAIN,1
RHEE,1
LUIGI,2
MUSTI,1
KUNUK,1
ELIAS,2
WULA,1
TIMBRE,1
TINKER,1
LEGO,1
JULES,3
KADEE,1
CHARLI BEA,1
SUGARFOOT,1
MARCUS,2
BOOZER,1
CHAOS,3
ANNIE BELLE,1
ROANOKEE,1
MEKI,1
MALLA,1
JAGER,4
YANKLE,1
MAGIK CHARM,1
URSUS,1
WINNIE,6
HAVOC,1
HENNA,1
ULLER,1
NAILS TOO,1
KEEPER,1
KEELUT,1
SUMMIT,4
SUMMER,3
FARLEY,3
FRODO,3
LANDON,1
JAINA,1
HEALY,2
MALIBU,1
ANCHOR,1
GEORGIE GIRL,1
KELLER,1
PIPPEN,2
ZYLA DIXIE,1
BOZER,2
PIGGY,1
NALA,19
POTTER,1
BRANDO,1
RHETT,1
HIGGS,1
ROLAND,1
CORKIE,1
ALEX BARRY,1
SWEETNESS,1
BEOWULF,2
BOOTSIE,2
OTIS,14
LEMIEUX,1
GNASH,1
CHARGER,1
SAMMIE,5
LUKI,1
KAKSI,1
MIAMI,1
CHLOE,39
ANGIE,1
BREEZE,2
MARLI,1
C'AMAI,1
TURKISH,1
CHAZZ,1
MALI,3
MIZ SCARLETT,1
CHISHY,1
DOJA,2
WOOF,1
TEA,1
SHERLOCK B,1
NUGGETS,1
ORKA,1
BARA,1
DEOGI,1
LENA,6
RHINO,1
BRODIE,7
SQUALL,1
TEDDY,16
ENEW,1
ALBUS,1
TOKYO,1
KOKOA,2
JJ,3
ARTHUR,2
SAYDEE,1
BROSEPH,1
TAKA,1
DOC,8
GLACIER,1
TOBEY,2
PUK PUY,1
KHOLE,1
BISHOP,1
DAISY DOO,1
BOSTON,2
YONA,2
NUMBER 2,1
DEBO,2
TUNDRA,6
HEDGE,1
PENNIE,1
DAVINCI,1
ROKI,1
MR BEAR,1
YOLI,1
MAXX,2
BRENNER,1
SHREDDER,2
CALEB,1
PISTEN,1
STORMY,10
HARMONY,2
ATREYU,2
ZOYA,1
KETA,3
ARIYANA,1
JUICE,2
KINGA,1
WINCHESTER,2
KYOKO,1
SPOOKY,1
KASSEL,1
DA VINCI,1
TIMBA,1
BLACKJACK,2
SMOKIE,2
HANNAH,7
PUYUQ,1
JEZZY,1
WILMA,1
ALVIN,1
SKA-DOO,1
LUCA,2
BELLE VOM CI,1
TATE,1
E.Z. RYDER,1
BABY,12
BONNIE BLUE,1
MR BOJANGLES,1
HARLEE,1
HAILEY,3
ALPINE,1
ROZSA,1
SEXY,1
MISTY ROSE,1
HUNDLEY,1
CLECO,1
RAMSEY,2
TEINE,1
SISTER,1
BRISTOL,6
RENAE,1
IDA,1
MURRAY,3
BILLIETHEKID,1
ISHTA,1
ABE,1
DOZER,15
MUESLI,1
SAILOR,2
BARBOS,1
FLEX,1
OUTLAW,1
LANI,2
SAKARI ESKA,1
BOUNCER,1
CHEWIE BEE,1
TRON,2
NAYLA,1
PALMER,2
PATTI,1
JOHNA,1
PEAT,1
SPARKER,1
LUCILLE,1
WILLA,4
LYLA,4
KASHI,2
TAITTI,1
BRUTUS,11
KILO,3
TRIXIE,5
SIENNA,1
LAYLO,1
TRISCUIT,1
DIGGER,5
CINDY,3
FRANCOIS,1
WRIGLEY,11
LUCI,1
SNOWBALL,4
CHUCHI,1
KACI-JADE,1
ROXY NATASHA,1
CARLY,1
STEVE,4
KHAUZI-MOTTO,1
GINA,1
JAKE,35
AJAX,5
SHOCKABRA,1
SIKU,1
MARCELINE,1
SKIMO,1
KOTA,3
TRUE,1
PAPI,5
PUZON,1
MARY ANN,1
SABRE,1
PEPE LE PEAU,1
KEENEYE,2
AUGUST,1
GRIZZLY,8
BURBERRY,1
CHINOOK,7
RONDO,1
LIZZIE,5
PEA,1
GREYCE,1
JUDGE,2
SQUIRM,1
OLAF,8
SKIPPER,4
KENDALL,1
LUNA BEAN,1
KINEO,1
GUS,25
CIRRUS,1
IVAN,4
BRIX,2
ROCCA,1
JET,2
ONE,1
CASSIE,6
NAAZ,1
BAMBOO,1
CODY,25
CORDUROY,1
GRACIE,29
DANGEL,1
GUY,1
JEDI,3
DELILAH,7
LIONEL,1
JINTO,1
KHAN,1
TESSA,4
BEAUX,3
TARI,1
QUESSI,1
AMIGO,1
BRIDGET,1
FERN,2
REV,1
TESS,4
HARLOW,3
BANJO,7
ITSA,1
DJANGO,3
SNORT,1
EARNIE,1
RODEO,1
CHUNKY JOE,1
DOOLEY,2
RENLEY,1
CREASY BEAR,1
ARMANI,2
JAEGER,2
TIMO,1
WILLOW,45
GADGET,1
QUEENIE,3
HOPPS,1
PAGE,1
PANDORA,1
ROCKY,49
BRUSCHI,1
MARTY,2
AZULZ,1
TOBIE,1
SPARTICA,1
SIR JAKE,1
CHUBBS,2
BRONIUS,1
RECCO,1
ANNA,6
SHIPPO,1
CHIQUITA,2
MCKINZEE,1
LOKI,37
ONYX,10
BUDA,1
NOAH,2
EMMA,22
TIPPER,1
NECA,1
TEETE,1
PLATO,1
KAISIE,1
PHINNEAS,1
MOKI,4
SIS,1
LULU BELLE,1
MOOSE,17
KAPPA,1
MEHO,1
THAEOBEO,1
SWEENEY,1
SEDONA,3
TRINKET,1
SINATRA,1
ZILI,1
LILO,1
FERGUS,2
BIRCH,1
SKADI,1
USCHI,1
GILLIGAN,1
GHIRIE,1
OH,1
DINAH,1
MILES,3
KELLY,3
PRISSY,2
JAMISON,1
COACOA,1
RAYNIE MAE,1
JENI,1
LUCKY,34
JARVIS,1
WESSON,1
NUSHKA,1
TUGGER,1
GENO,1
GORGY,1
MINNIE MAE,1
ROSCO P COLT,1
SONJA,1
TUHKA,1
PAZZO,1
TURK,1
MONGO,2
GRIZABELLA,1
BODIE,2
ISKUT,1
AURORA,16
EDDIE,7
XENIA,1
MAELEE,1
GOLIATH,3
LEXUS,3
VIDA,1
CINDER,4
LUBY,1
KAIKEA,1
ZEN,1
SAPHIRE,1
BUSY,1
COUVERDEN,1
RUCA,1
KISKA,24
MERICA,1
ARROW,3
SAKO,1
BUGS,1
BJORN,2
ALLEY,1
TASMAN,1
KETO,1
TUNDRA JADE,1
STELLA BLUE,1
GKEORGIE,1
DEWEY,2
PJAY,1
DOZIER,1
OSCAR,23
BIJOU,1
HAMLET,1
NIEKKO,1
ESME,1
KALISTA,1
KC,3
VENNY,1
BOO ENZO,1
GALENA,2
SNICKERDOODL,1
TIA,6
SASKIA,1
CHIBI,2
KRATOS,1
OONA,1
CASIE,1
SUKA,4
KYMBER,1
CIDER,1
KASPER,1
ALIY,1
GRUMMAN,1
KOJI,1
CHILE,1
COLIN,1
ANIA,1
EZEKIEL,1
ADDIE,1
BETTLES,1
BAILY,1
REXI,1
KALEY,1
APHRODITE,1
MING MING,1
BIGGS,2
DAISEY,5
BAILEE,1
KAISER,6
ESTRELLA,1
COOTA,1
KENJI,2
RILEY TWO,1
DRAKE,6
CASSIE SUE,1
CEZAR,1
LITTLE BEAR,3
NICU,1
SUKIE,1
NATHLIE,1
THORE,1
OLLY,2
ZORRA,1
GIBBS,1
LILLY LOU,1
POE,1
CHAMP,8
PRINCESS,19
3 OF HEARTS,1
KIAORA,1
SHORTY,2
CLAY,2
WASHBURN,1
TULA,1
TYRONE,3
PETIE,1
CHESSIE,1
SCOTTIE,1
WILEY COYOTE,1
PISTOL,1
SHEILA,1
RUGGER,1
NUBIS,1
NOVAK,1
LACY,2
FRASIER,1
SHEBA,10
BETTY BOOP,2
KUKU,1
EBONY,2
BOND,1
LAKER,1
INDIA,1
BEAR BAIT,1
TELENA,1
KUKINI,1
POODLE,1
CRYSTAL,2
RILEY JUNE,1
BRUNO,8
ZIESA,1
PEPPER,28
LATTE,2
PEACHES,5
MEGG,1
SOPHIE,36
PALIN,2
BRENIN,1
URSA,1
AVALANCHE,1
PETER,3
MARSHMELLO,1
KANOE,1
BLACK JACK,2
ELPHIE,1
RHUBARB,1
CHEWY,11
BENNY,9
PABSY,1
HENK,1
CROMBIE,1
LOKELANI,1
CASSIDY,1
BEYLA,1
DEXY,1
JASMINE,14
MAGGIE MAE,3
GINGER,60
GLADYZ,1
CURRY,1
NILCHIK,1
CUPID,1
KIA,2
CHINA,1
AXEL,5
AUGIE,2
LEISEL,1
BREWSKI,2
BENDER,1
SOUNDER,1
ZEEVAH,1
GAUGE,2
LOAF,1
BEAUFORT,2
LUNA BLUE,1
ZSAZSA,1
TINGTING,1
IVY ROSE,1
JOHN RODGERS,1
LEMON,2
CEDAR,7
FEZZIK,1
TILT,1
MIDORI,1
DIGBY,1
GUNTER,1
BUCKLES,1
WILLIAM WALL,1
AMIRA,1
JABBER,1
SUZY Q,1
THOMAS,1
QI,1
MYLO,1
HAVA,1
MOAB,1
MARY,4
OCEAN,1
REESE,1
RUPAL,1
PAYTON,1
JETHRO,3
KIERIE,1
CHEWAWA,1
GINNY,5
KAINANI,1
DUTCH VIRDEN,1
MINION,3
LINKA,1
CINNAMON,8
CALAMITY,1
MUNSTRO,1
SWEETIE PIE,1
SAKARI,2
RUKA,1
GWEN,1
POLDI,1
SPUDD,1
MINNOW,2
BIBI,1
OMAR,3
PELLY,1
PEP FOX,1
BOSSK,1
MELLO,1
SMOLTZ,1
JAMES,1
SIMON,5
GUINESS,2
SAKURA,1
BAIYA,1
NAKITA,1
VAYDA,1
PEPITO,2
PSYCH,1
BABY DOG,1
MATTIE,7
HONEY BEAR,2
DUCHESS,3
SPOOK,2
SUSHI,2
VINNY,1
DEWBEE,1
JOE,7
JADE,9
NIKADEMUS,1
MISHCA,1
CHEYENNE,3
MINDY,1
DEKUX,1
LYNX,1
BOOMBOOM,1
ALDER,1
MOONEY,1
BEANS,2
DIEGO,5
ZEEVA,1
MOLLY,60
MINI PEARL,1
GRACE,8
BUBBLEGUM,1
MITZI,1
SCHATJE,1
JARI,1
NAVERA,1
SQUIRREL,1
KIWI,4
PATTON,3
SNUFFLES,1
LEROY BUSTER,1
DRAVF,1
CHAHTA,1
MAE BELL,1
DYSON,2
DEUCE,5
SOUJI,1
TOOTS,1
BARNEY,2
MANDI,1
TEVA,1
LILITH,1
MISS MARTHA,1
MERIDA,2
BAGHEERA,1
FLYNN,2
GEDDY,1
DAPHNE,6
NUKKA,2
SNOWIE,1
TOLI,1
CELE,1
BRASH,1
WALLY,3
VERN,1
BRAUTWURST,2
SPANKY,2
JAGGER,1
BROOKLYN,1
LEXI LAREE,1
SERGIO,1
MAL,1
MAGNUM MOSES,1
HAMMOND,1
TEQUILA,1
ISADORA,2
ASH,2
DARLIN,1
SQUEEK,1
SKIP,2
SNIFFY,1
NICKY,1
SMAUG,1
ZIVA,5
DOMINUS,1
BOULDER,3
ELVIS,7
DOVAHKIIN,1
BENTLY,1
JOSIE,7
BAGGER,1
MAEVE,1
POET,1
OSO,1
SEELEY,1
WHITE BOY,1
TACKLA,1
PARKER,7
SEVETTA,1
ANGEL,15
ZINN,1
DINOH,1
TYE,2
EDIE,1
SNOW,2
ROE,1
HECTOR,2
CARMEN,1
SALA,1
MINX,1
HAYDUKE,1
KHODA,1
SCRATCH,1
TAC,1
BEBE,3
HANNIBAL,1
BEARCOOT,1
MADRA RUA,1
FIZZ,1
JOZIE,1
T. C.,1
MINER,2
JADEN,2
BERAND,1
FRED,4
MILLIE,11
CHAUNCEY,1
BELLA MARIE,1
BEAST,2
DARBY,3
VIVIAN,1
RUBY ROSE,1
MOO MOO,1
KYLIE,1
JEEP,1
ROSIE,32
ROCCO,9
SNICKERS,11
ROBBIE JR,1
JAKIE,1
MOWGLY,1
AMBERLYN,1
SPUR,1
REMMIE,1
JIROU,1
HEBE,1
SABLE,6
CRUSH,1
MALP WINDY,1
GAEA,1
SPARKEY,1
KOBA,2
SAMMY,21
TYSON,9
ECHO 2,1
DOOZEY,1
FIONA,5
BRASI,1
MOCCO,1
MEGARA,1
BUD,3
COMET,6
BISKET,1
FERGUSON,1
ROME,1
BYRON,1
SNIPER,1
DIVA,3
PARIS,3
BRUZER,2
HOLMES,1
RAINY,1
WIMBLY,1
CAPOTE,1
TONY,1
MEESHKA,1
PAXON,1
TIP,1
DYNA,1
DUTCH,5
BLOUIS,1
BOOGIE,2
OOKA,1
MELO,1
MUGS,1
ROJI,1
CHARLEE,1
DUBLIN,1
CACHE,1
TOBI,2
BLISS,1
ABBEY,7
CHUCKY,1
HANK,9
KODA,35
SAMI,1
PIXEL,3
ROY,1
AVERY,2
AIKO,1
CALLAHAN,1
APOLLO,13
DOOBEY,2
POPCORN,1
COTY,1
JAILING,1
SMASH,1
SPRINGER,1
MAVIS JEAN,1
KLEIO,1
MAIZE,1
EARL,2
JACKIE,3
PERCEUS,1
DRAGON,2
BENNIE,3
ATIGUN,3
MCKINLEY,13
SIDNEY VIRDE,1
BURKE,1
BRIDGETTE,1
J-LO,1
KON SHURA,1
FERDINAND,2
HEMI,2
RUE,3
ARI,1
FRECKLES,6
LEGACY,1
ABERLOUR,2
BOOGER,2
ZEISHA,1
GEMMA,5
MINI COOPER,1
KOBE,7
BLAKE,1
BODACIOUS,1
JEMMA,1
MARLO,1
BOOSIE,1
AXLE,4
MISSEY,1
BODEE,1
BING,2
RITZ,1
ROSEBUD,1
ARCHER,1
DANDELION,1
ARHI,1
AUSSIE,2
GOTTI,1
TAZZEE,1
PETE,6
JAZZY,3
DARTANION,1
JETT,2
ALARIC,1
EMMA JUNE,1
NALI,2
C STREET,1
BOSCO,2
JO JO,1
REMY,6
NAK,1
RUCKEE,1
PUNKY,1
DASH,5
LUCUS,1
RAT DOG,1
KASH,3
JACKSON,16
SHEP,1
ERNIE,1
SAMANTHA,8
SHEPARD,1
BLITZ,2
MINGIN,1
JONI,1
MUMBLES,1
BAMAH,1
TILLER,1
RUHIG,1
CIDLEE,1
TUI,1
HONEYBEAR,1
BANKS,1
RAINA,1
CHOCOLATE,1
MELISSA,2
MACI,1
ANTHONY CRIT,1
VAN,2
ULLAR,1
BULLET,3
ALIANA,1
BUGATTI,1
ANIAK,2
TATIA,1
KOKO,3
CHAI,4
SCAMPY,1
XAN,1
AZUL,2
HENREY,1
SPAZ,1
BURTON,2
MICKINLEY,1
DIRTIE,1
CAMI,2
EERO,1
VENUS,2
CYNTHIA,1
WIGGLES,2
GULLY,1
HUBBLE,1
NAHKOHE,1
WOODY BOUDRO,1
GYPSY,5
OAXACA JOE,1
SISCO,2
CHUGACH,1
KAYA,7
SOFIA,1
PI,1
ICON,1
KAVACAMELLIA,1
HERSHEY,3
ALI BABA,1
NITRO,1
ALYESKA,4
ELLA BELLA,1
NAKI,1
JUNE BUG,2
ODY,1
GRIFFIN,3
JESSE,4
PANZER,1
WYLIE,1
PRINCESS WIL,1
MONTE CRISTO,1
GINZEE,1
BANDO,1
YOSHI,4
GUARRYS,1
WASH,1
LULU PEACHES,1
TIKAROSE,1
ROCK,1
AXTON,1
DUDE,2
RUSSO,1
MISS DAISY,1
CHARLY,1
NIKOLAI,2
TRYGG,1
NYX,6
GEMENI,1
ICARUS,1
KILAH,1
TIMBER,7
SUNGA,1
BORIS,5
HARKY,1
KITA,5
MOTCHO,1
KEIRA,2
SKEEZIX,1
DESTINY,1
GIMLI,2
KNUCKLES,2
KHALESSI,1
DEGA,1
BUDDHA,1
CIRI,1
CHARLOTTE,2
REIGN,1
BAUER,3
CAYMAN,1
BALTO,2
MACIE,1
KIAH,1
DHARMA,2
SPARROW,1
LEONA MARIE,1
KEYONA,1
CHEEKY,1
PACO,6
BROOKS,4
OLIVIA,5
FARADY,1
QUINCY,1
TUCK,1
COLBY LYNNE,1
OLD PULTENEY,1
KAPPY,1
KEELAH,1
MUGSY,1
RIPLEY,11
BANDIT,33
PEQUENO,1
PERRY,2
ALI,2
ALBA,1
CHIP,5
BARRETT,1
HARVEY,3
HOOCH,2
COPPER,18
SCULLY,4
LOU,1
MOJO,11
POSIEDON,1
SANDIA,1
QUOYLE,1
POCHI,1
BROWNIE,5
CHEIN,1
BUSHIDO,2
KENAI,44
WHISKEY JACK,1
KAIPO,1
FLASH,1
JINGLE,2
BRUNOSTEN,1
BISCOTTI,1
EMMA-LEE,1
VOLTA,1
SPARKY,17
KOVA,1
KALILA,1
SAILER,1
BESS,1
RICKY,3
MIKEY,3
HOWIE,4
ABEL,1
LEFFE,1
BINO,2
LAYCEE,1
PEARL,5
CAPTAIN MORG,1
NILES,2
KANE,4
NORMAN,4
SMEAGLE,1
SHIRLEY,1
SEBASTIAN,3
BEAUTY,2
MATISSE,1
KOTCHA,1
SHILOH,3
RED DOG,2
SUSSI,1
PRANCER,1
LITA,1
BABE,4
CAPONE,3
CHICA,6
HARRY,2
CHESTER,3
YAKONE,1
PEEKABOO,1
RANGER,19
MISS MOLLIE,1
PUPPY,2
STERLING,1
SHEEBA,2
KIYA,1
OREO,11
TOOT,1
RUBIO,1
MOLLI,1
MICK,3
RYKER,2
DAJAK,1
EDNA,1
ROYALTY BLUE,1
AJ,2
SAMARA,1
KIZZIE,1
OLLI,1
GABBY,6
HOPE,10
SAKPIK,1
GENESIS,1
QUARTZ,1
NEKO,2
KONDOR,1
DAISY DUKE,2
LADY PIPER,1
STEELER,1
TED,1
MONKEY,2
GABBANNA,1
HOPPER,1
PEGGY SUE,1
SHANOOK,1
LUPINE,1
BOJANGLES,2
GOLFBALL,1
SAMUEL,1
SNOOKIE,1
ZIMA,1
LITTLE MAN,1
MAGS,1
BRUISER,2
PUKU,1
O'HENRY,1
DORI,2
MARI,1
KHABEE,1
KERRY,1
RAVEN,20
ROCKY MT.,1
BOOMER,11
TONKA,5
RALPH,2
FRY,1
LEROY,2
BOAZ,1
DUSTY,9
GARFIELD,1
DYGGUR,1
CORAL BLUE,1
DELLA,1
FLOPPY,2
DAVOS,1
CARL,1
PRUDHOE,2
ROVER,2
MARIT,1
EFFIE,1
BRUCE WAYNE,1
CUDDLES,2
WARLOCK,1
STANLEY,7
ZIGMOND,1
MURPHY ROSE,1
CLOONEY,1
SCHISM,1
REMI,6
CARRIE,2
TIKAANI,4
HARPER,5
ZEVA,3
DEJA VU,1
ROSHAIN,1
TIPPY TOES,1
THEODORE,2
HEIDI,9
YSABEAU,1
DAISY MAE,6
KEYWII,1
HENNESSY,1
NANOOK,5
JAZZIE,1
NEO,2
HASHBROWN,1
BULLSEYE,2
ANIOT,1
SUSITNA,2
THOR,17
CHICHI,1
STORM,3
MACINTYRE,1
JULIUS,1
DESSA,1
CHASE,10
MEENA,1
DESHKA,13
ROSA MAXIE,1
MYSTIQUE,1
KODAK,1
IKE,2
SAY-D,1
LIGHTENING,1
CHAY,1
CUVAR,1
WINDEE,1
KEN,1
REGAL,1
KATALLA,1
HEATHER,2
MACEY,1
JERSEY,1
IRIS,3
MATIGAN,1
TEBOW,1
ROCKY ROAD,1
KENZI,2
MISHKA,8
SPORT,1
NORM,2
MORRIE,1
ISAAC,1
GATOR,1
FUZZY,1
WESKER,1
MATEO,1
CECILIA,1
TOMMY,2
TONSINA,1
TUYUQ,1
SEQUOIA,2
DESHSKA,1
SABBATH,3
VIC,1
APRIL,4
POLLY,4
JEBEDIAH,1
BROOK,2
EDISON,2
BOODLES,1
MJOLHIR,1
ZOOIE,1
PENNY,24
RHEA,1
JAWS,1
DING,1
DECLAN,2
KITTY,2
JOE JOE,1
TONTO,2
FRANCESCA,1
CEASAR,5
SYNDEE SUE,1
BROTHER,1
CENA,1
ELVIRA,1
MAZY,1
GRETTA,1
RISKY,1
KAZAK,1
K.D.,1
DOGMEAT,1
TRACY,1
SKY,4
MINDI,3
TANK,15
ALEYESKA,1
AMELIA GREEN,1
FORTE,1
SANDY,13
KIAYA,1
BERNOULLI,1
KIMBER,6
ODERUS,1
COLLIS,1
HANNA,2
ACER,1
RAVYN,1
SPAM,1
JAXON,4
SKIPPER LEE,1
ESPICKY,1
BEEF,1
CHENA ROSE,1
LEVI,3
HAVEN,1
EMMIT,1
PINCIA,1
TAMA,1
REGGIE,7
MYSTERY,1
ANNAPURNA,1
JUBILEE,2
MAGGIE,48
PNUT,1
MISTY,13
TECKLA,1
GRISSOM,1
SUNDANCE,1
JAE JAE,1
HERCULES,9
TEDDI,1
RENI,1
KRONUR,1
BERGERON,2
GEORGIABELLE,1
POPPY,14
PENNY LANE,1
SHOESHINE,1
DOOZER,1
REKA,2
LEFTY,1
MARLY,1
JEFFREY,1
FOSBURY,1
VICTOR,1
MISSY DAWN,1
KUJO (MOOSE),1
TRIP,1
JONAH,1
OLLIE,10
CASH,11
SIVU,1
ASHLEIGH,1
KODIE,2
MOLLIE,4
BUGOTTI,1
CUBBY 2,1
CLEO2,1
KERSHAW,1
FREYA,6
CHULA BELL,1
USZKA,1
ZANE,1
TOTO,4
KASON,1
PATTY,1
NIMH,1
KAYA MOOMOO,1
TIKKA,2
MURDOCH,1
AROWEN,1
WILL,1
SIR IVAN,1
SUSIE Q,1
DARIUS,1
SCHULER,1
KANANI,2
PLAYER,1
RALLY,1
LEONA,1
WILE-E,1
DOPEY,1
REGGEE,1
SONOMA,1
DENAHI,1
RAJ,1
J.R.,1
BUCKY,3
NILLA VANILL,1
DAYTON,1
MAIA,1
MONTE,1
JACKSON JR,1
DREAM,1
FLOPPER,1
KATO,1
BOSS,4
ANDRE,1
CHARLI,3
CARSON,1
SCARLET,2
RADO,1
GRIZZY,1
ZEKE,11
RADAR,5
CHICKADEE,1
DENALI,43
DIEAGO,1
EIFFEL,1
MARIA,2
GINGER WOOKI,1
TOVA,1
ROXANNE,1
KIMA,1
SIMBA,9
CLIFFORD,2
MUTTLEY,1
OOLJEE,1
PIE,2
DEWY,1
KASSIDY,1
RAGNAR,3
KAMANI,1
JALAPENO,1
ELMO,1
OLAUS,1
LUCE,1
MIA BELLA,1
ELLIE MAE,1
BRENDELIS,1
JEAGER,1
HORST,1
SJENA,1
TANNA,1
SOCRATES,1
CROSBY,2
CAITE BEL,1
JANIE,1
ZACK,2
GRACI,1
AASA,1
DAISY BEAN,1
PORTER,10
HACHI,1
PUHN-KIN,1
BACCARDI,1
OSWIN,2
HOUDINI,1
KATY,2
CORONA,1
NIXON,1
ARCHIE E.,1
BIBS,1
CARAMEL,2
RANGITIKEI,1
KACEE,1
KALLI,1
MAYHEM,1
IZZY,14
FLETCHER,3
HARRISON,1
COCHISE,2
TOKO,1
ELSIE,1
BAILEY BEAR,1
CUCOY,1
MEDINA,1
GABE,1
TITAN,17
TAYLOR,3
BUTTERSCOTCH,1
MAILE,1
FLOSSIE,1
CLUTCH,1
ORCA,2
FANCY,6
JENNY,4
BUTLER,1
ZEB,1
ZEEK,3
RAIMY,1
ATILLA,1
ZEEKE,1
FAUSTINO,1
POCKET,2
SUSIE,3
LD GUINEVERE,1
BOB THE DOG,1
AVA,4
TRILLIAN,1
POLAR BEAR,2
PREACHER,1
SOLA,1
CINCO DE MAY,1
LINQ,1
TUGG,1
BOW WOW,1
TESSIE,1
SKY BLUE,1
CIRCE,1
GIN JAY,1
LEELOO,1
GIZMOE,1
COKO,1
EOWYN,1
NINJA,2
BUDSY,1
LACI,1
FOXY BROWN,1
RUCCA,1
MR. DARCEY,1
MERCEDES,3
TICO,1
TREX,1
SAIDAH,1
DOLLY,6
JOHANNAH,1
VERLIS,1
MARGO,1
SENECA,1
GOOGLE,1
NOOT,1
LIKO,1
IGNEUS,1
KAIBAB,2
ZUES,5
NANOOK (JOY),1
NINA,7
POYKA,1
ROSIE DEE,1
TULO,1
EVA,7
TOPPER,1
KUUIPO,1
BENFORD,1
LOMAX,1
COBBER,1
SEAMORE,1
ZIVA RANAE,1
ORION,1
COSA,1
JAVA,1
CARLIE,1
MOOSHA,1
HERMIONE,1
PANCH,1
ZOOM,2
MILEY,3
LADYDOG 2,1
CRISSY,1
NABI,1
THUNDER SALL,1
ORLY,1
BUCKET,1
NISMO,1
KILA,1
TAX,1
SPICEY,1
DASHER,1
YIPPEE,1
MARSHALL,2
YONKERS,1
X,1
KASI-LOF,1
SEVEN,1
CYRUS,1
HUSKER,1
FLOWER,2
LIL BIT,2
RAWLEY,1
ROARK,1
NENA,2
ABLE,1
INU,1
DJ,4
STORMY JACK,1
LUKE,11
DUG,1
YMBER,1
OTTER,1
DARMANI,1
IKAIKA,1
WIGGLEBUTT,1
COSMO,10
BRADDAH,1
LEAH,2
FOZZIE,1
CHIEF,7
BOYD,1
SHEEBAH,1
KUNA,1
PHARO,1
LADY,32
DULCE,1
COPA,1
DIXIE,10
WOOTIE,1
RILEY,40
CAT,1
XAADAS,1
RUBY,35
KRUSH,1
RHAEGER,1
BAM BAM,3
NINER,2
KRISHNA,1
KOKORO,1
KENLEY,1
CASCADE,1
ANAKIN,2
PAX,1
JAZZ,6
BELLATRIX,1
TARO,1
LUPA,2
NIKA,2
MISS ELLIE,1
PATTY CAKES,1
BLUE,24
DEVON,1
BANNER,1
ATTLA,1
BREAUX,1
JEWEL,2
ERNEST,1
BLEU,1
FEENA,1
CHAKO,1
BOO,11
WAVERLY,1
YUGI,1
COHO,4
LARA,2
TAESHIA,1
OZARK,1
JORGE,1
TAZZY,1
TEKAHN,1
SAM,29
CHAZ,2
LOLITA,1
COCO,37
HUCK,4
YODA,5
MON AMI,1
BUNNY,2
NOVI,1
NYLA,2
MR. BB,1
PONG PONG,1
KALINA,1
KIANA,1
MEATBALL,1
LADY CHANEL,1
BUSTER BROWN,2
TWINKIE,2
SWEETIE,3
NOVO,1
ARCTIC,2
ZOEY,28
LAMBEAU,1
AKILA,1
SOPHIA,5
BLACK DOG,1
VALENTINE,1
LIEUTENANT,1
JEWELS,3
SWEET PEA,3
SHOTZIE,1
BUKUM,1
POM POM,1
MITCHELL,1
SADIE GIRL,1
SCHATZI,1
SCRAPS,1
CHILLY,1
TALACHULITNA,1
MOXIE,5
DYLAN,3
TSUNAMI,1
NUKA,2
JUNO,11
POOPER,1
RULA,1
BOBA,1
SYLVESTER,1
MILLA,1
MILA,4
RALEIGH,2
TRILEBOO,1
MADISON,6
SVEN,2
TOBY,35
WINNIFRED,1
BAILEYS,1
AMEER,1
ANNABELLE,1
MOLLY MAE,1
JAGO,1
BITSY,1
PEP,1
CRUISER,4
SCHOONER,2
ELSU,1
M&M,1
AREZ,1
IKO,1
JASPER,24
MADDI,1
DANIELLE,1
KAY'NA,1
CHOPPER,3
TAKU DENALI,1
D'ARTAGNON,1
DOBBY,3
OPTIMUSPRIME,1
JAVIER,1
ORVIS,2
GWENIVERE,1
DANGER,2
DIZZY,2
PAISLEY,5
NATALYA,1
ROSEMARY,2
XENA WOOD,1
STRIKER,1
SKYE,7
KENWORTH,1
RAYANN,1
CRUZ,1
JD,2
PATRON,1
SADIE MAE,1
YKSI,1
SALEM,2
POOKAH,1
SPINDLE,1
ROCKY BLUE,1
APOLO OHNO,1
MOPS,1
JESSIE JAMES,1
SATIVA,1
SUGAR JOE,1
FALCO,2
MELODY,2
BRIA,1
ABI,1
TAFFY,1
KENO,1
ZILLA,1
AXL,2
RIFLE,1
LAIKA,1
INDY,5
COSMOE,1
NISKA,1
AUDI MURPHEY,1
ALFIE,1
PRO.FINBAR,1
STINSON,1
SARA,3
DOOK,1
CANISA,1
MIA,14
ARCHIE,8
CRUSO,1
TUDOR,1
JUPITER,3
DICE,1
AUNE,1
OPTIMUS,1
TYGE,1
WILLIWAW,1
HEAVEN,1
DG,1
LASSIE,1
WOOKIE,1
SPEC,2
CHEWIE,4
SABINE,1
AUGGIE,4
ZUNI,1
SASSY,7
MY LADY,1
JAC,1
FLUFFY,1
MACY,7
TAZZIE,1
ROCKI,1
GIRLY,1
JONATHAN,1
FRANK,4
GALAXY,1
TY,4
KAVA,2
DUCK DUCK,1
GRACEY,1
NELSON,1
CHIA,1
INDIAN,1
SINJIN,1
DAGAN,2
PENNEY,1
LISA,1
RON,1
LOUISE,1
JUNIPER BERR,1
KERMIT,1
ZOEY MARIE,1
SCOOBY DOO,1
BARLOW,1
CALI ANNE,1
ITCHY BROTHE,1
JANE,1
MACK,6
NAXX,1
SKITTLES,1
BINX,1
DIXON,1
KIKO,2
GLORY BEA,1
GIOVANNI,1
POLU,1
EAGLE,1
PEGGY,2
STELLA,26
JETER,2
CHEIF,1
NUPSTE,1
GOOMBA,2
LOLLI,1
TATIYANNA,1
ROMA,2
SLATER,2
BRODDI,1
NELLY,1
KAZZIE,1
BUBBAS,1
LEE HONG,1
FISH ON,1
JONES,1
SPARKLE,1
MOOS,1
DIESEL,27
ANYA,1
BUTKUS,1
LIFE,1
KOA,9
LILA,4
PURDY,1
BRANDI,2
AIMIE,1
NACHO BACON,1
PRECIOUS,7
CRASH,1
DEX,1
KEELONI,1
GRIZZLEY,1
LUKKA,1
AKIRA,3
PHANTOM,1
BECA,1
TEMBA,1
FLOYD,2
PUDGE,1
TAKOTNA,1
MOTEK,1
SPREE,1
KIRA,5
ABBI,1
MOCHA,21
MIZU,1
ROSEE,1
XERXES,1
ZIGI,1
SPROCKET,3
JESSI,1
BUCKLEY,1
TRUFFLES,1
MAJOR,4
EZEKIAL,1
TARKUS,1
DECKER,1
MOOSHKA,1
BLING,1
SUNSHINE,4
STAR,9
ARLO,3
CESSIE,1
TARA,1
MADDY MOOSE,1
PEANUTS,1
HUNTER,16
SALLY,11
WINTER,4
K.O.,1
CECIL,2
BUBA,1
LADY HOPE,1
MERCY,2
AMERICA,2
MIDGE,1
GOOBER,2
SKIDOO,1
COOPER,48
TWINK,1
DELILIAH,1
CHEENA,1
ZEEV,1
MONEY,1
RINGO,5
BETA,1
CISCO,2
ZAZEE,1
BEN,5
OKAMI,1
MS. J,1
CLARE,1
POPPET,1
TULLA,1
JOHN,1
WRILEY,1
DELTA,1
GRETA HOLLY,1
AMBERLEE,1
BOSSDOG,1
PLAYA,1
BOWSER,5
KIEBLER,1
ZADIE,1
MOBY,2
MONROE,1
SIMOND,1
BRADDOCK,1
SNORTICUS,1
ALEUTIA,1
BUDDI,1
BARON,4
MALENKO,1
HERBIE,3
LYRA,1
MICKIE,1
WREN,1
DAVY JONES,1
ALLI,1
PEPSI K-OZ,1
SOKKA,1
DOODLE,2
ZAYCA,1
MAISY,5
EISENHOWER,1
ZENA,4
CHOMPSKY,1
LUCCA,1
FLY,1
MONA,1
MOSHI,1
MACGYVER,1
NOODLE,2
SPARKS,1
MOWGLI,1
ROCKSIE,1
KULA,1
LITTLE BUDDY,1
BIG BOI,1
SOMBRA,1
LOLA,33
WYNNIE,1
FAITH,1
BALOU,1
MICHELLE,1
NADIA,2
KOKOMO,1
BENITO,1
KEELY,2
CINDERS,1
PALO,1
REUBEN,1
SUE,1
JAG,1
CHARMIN,1
RICHTER,2
SOLDAT,1
RAYME,1
BETTY,6
GEORGIA,2
LEDA,1
LILA BLUEBEL,1
AUTUMN,5
BONES,2
RAINFLY,1
KANGAROO,1
ORPHIE,1
EMMY,4
MAGIC,1
MALLOW,1
KIARA,1
VESPA,1
KOYUK,1
GOBLIN,1
SHAWNI,1
MUDGE,1
HEREFORD,1
COBH,1
ELLI,1
ZERO,2
DAKOTA,25
KAIYA,1
ODELL,1
MEG,1
TANGIE,1
POMMY,1
HOSS,3
ZOOEY,1
GABRIELA,1
WEDNESDAY,2
RIVET,1
REDDY,1
BROOSTER,1
KODY,4
TOO TOO,1
LAVERNE,1
PRISCILLA,1
KUBEL,1
KOSMA,1
INUA,1
G.G.,1
TEDDY JAMES,1
KINLEY LOVE,1
BELVEDERE,1
ATLANTA,1
JP,1
KAYDEE,1
MR. TUBBS,1
WHISKERS,1
BOO BEAR,1
MONTY,2
GRENDEL,1
LAYLA,9
BIRDY,1
KENNY JAMES,1
SKI,1
ZIP,1
CLOVER,3
JULIET GRAY,1
ATLAS,6
JEZEBEL,2
GAMBIT,1
FOXY GIRL,1
SHILO,1
PICCO,1
PIPER,28
SHAMBA,1
ROMAN,3
SHAE,2
L.D.,1
KYSZER,1
WILHELMINA,1
SCREAMER,1
SKAGIT,1
ALLIE GIRL,2
NALO,1
MAXIMILLION,1
SAEDIE,1
GANDA,1
RUDY,10
ROSY,2
TROUPER,1
ANNI,2
CHUY,1
POOPY,1
GIDEON,2
CHARLEY,5
MS RAINY DAY,1
SHERMAN,5
GUMMI BEAR,1
GEORGIANNA,1
KAHLESSI,1
RAGS,1
PODGE,1
DIACO,1
CYNDER,1
BEA,3
BONNIE,6
LOKIE,1
RUSTLER,1
KALI,7
SALTY,2
LOUIE,13
ZACHARY,1
TILLIE,2
MECCA,1
ROONEY,1
ALICE,4
MAKSIM,1
MAGPIE,3
JODY,1
LYRIC,1
BATMAN,2
WILLIS,2
MERIBEL,1
MARY JANE,3
ZUKO,1
LILLIE,2
SILO,1
FRANKLIN,4
SHYTIA,1
MILLY,3
ROHN,2
CHANCE,17
EVIE MAY,1
NEVE,1
NIKKO,1
BULLITT,1
DAZZLE,1
SCRAPPY,6
SCAMP,2
GRADY,1
SAMURAI,1
WILBUR,1
BITZER,1
SHANA,1
STARSKY,1
DR DOG,1
ZEBO,1
RIGLEY,1
ANNABELLA  E,1
GHOST EYE,1
LORENZO,1
CEIBA,1
GREASE,1
MOSI,1
FLEETWOOD,1
PIA,1
BOWEN,1
RIVERS,1
SCOUT P.,1
LITTLE D,1
PATERSON,1
L'IKA,1
BUSHWA,1
RALFIE,1
TINKA,1
MANNIX,1
GAZ,1
CLARICE,1
BARKLEY,4
KIPPER,2
ALASKA,1
LYKO,1
ROBIN HOOD,1
MAVERICK,3
LIEBE,1
CHUCHO,2
LIGHTNING,1
SHADOW,41
LITTLE GIRL,2
SAKI,1
CAMBERLYNN,1
RUTHIE,1
BABY BYE BYE,1
DODGER,2
ENZO,4
NOOK,1
NOCHE,1
BUTTERCUP,3
SNORRI,1
RALPHY,1
OPIE,4
BURRO,1
RAZ,1
RAIVO,1
AIOFA,1
CUB,1
CARM,1
ULLA,1
CELIA,1
CLAIREE,1
ZEN-BOY,1
CLIDE,1
FREYJA,2
HULA HOOP,1
MAZEL,1
JOJO,4
PAYSON,1
BARRY 2,1
BRUSH,1
ELLIE,18
TOA,2
CHELSEA,2
QUEEN,3
RUMOR,1
JUJU,2
DALTON,1
JUNEAU,2
FINN,20
ICHIGO,2
SPIKE,13
JESSE LEE,1
WELLINGTON,1
JESSIE,7
FARRAH,1
SUNNY,13
DARCY,1
LOVEE,1
THEO,4
QUICHE,1
BOONE,3
HUCKLEBERRY,2
KODI,4
MARIAH,2
ESTES,1
KISSER,1
RYDER,12
TOBIAS,2
RORY,1
KIESHA,1
QIVLIQ,1
MERLIN,4
FLINTSTONE,1
ZUZU,1
ODYSSEUS,1
CINDY LOU,1
MOONPIE,1
TIKA,1
ISABELLE,3
MAE,4
BEORN,2
PEACH T,1
MISA,1
BEASTIE,1
GIDGET,5
SWIVEL SHOT,1
RIZZLE,1
KASKEA,1
JUANITA,1
MAZIE,1
KIJIK,2
TRAVELER,1
ELI,4
ISABELL,1
YUKON,22
ZORA,2
BIG MAC,1
GADDAFI,1
AKASHA,1
GIL,1
AGLU,1
BEAN,3
PASHKA,1
BINGO,5
SIREN,1
GUNNER,18
RIPLEY 2,1
MAXIMILIAN,1
COREY,1
TOK,4
RAZOR,1
KIERA,4
TWIX,1
RUBEE,1
RICO,1
MONTANA,1
INDIE,4
OTI,1
R2,1
KEYARA,1
LIBERTY,4
ALPHA,1
ELEANORDIGBY,1
CODY SANCHEZ,1
TITUS,4
COLBY,4
MEATY,1
KENNA,1
NILLA,1
TORPEDO,1
SOLOMON,1
BUDDIE,2
KO,2
MILO,19
PUERQUITO,1
DIPPER,1
OKSTUKOK,1
POLARIS,2
TACOMA,1
AK,2
DAISY MAY,2
MUFFIN,3
HONEYSUCKLE,1
GIRLIE,1
SCRUFFY,4
SIDNEY,5
PAXSON,4
UMA,1
TYDIS,1
TAKO,1
ROSEY,4
JIFFY,1
HENRY,18
CHRONIC,1
PEACHES ANNE,1
KYMI,1
INNOKO,1
RIGBY,2
CHICORY,1
CHARLIE,64
THUNDER,2
MCGYVER,1
PRINGLE,1
KENICHI,1
SHAKITA,1
REBA,2
FREEWAY,1
BOOBOO,1
PUFFIN,1
SNOWFLAKE,1
BITZY,1
HURLEY,2
CUTTER,1
BUBBA,11
MALLEY,1
HALLIE,1
LOUIS VUITTO,1
CHEWBACCA,2
LAGERTHA,1
LANDO,1
UNIQUE,1
VELLA,1
LIZZY,3
TULIP,1
ARWEN,1
EIN,2
JURRE,1
MAXIMUS,10
COLE,5
LEONARDO,1
TITO,3
TILLY,8
BRADLEY,1
DELKO,1
JIPUTA,1
CRUZIER,1
BAMBI,2
FREDRICK,1
SPUD,1
DUALLY,3
BALOO,2
CHUBS,1
LANCE,2
SAMSON,7
MANDY,4
CHINOBI,1
SNOWFLY,1
NOOKIE,1
BUTTONS,2
NUGGET,7
CONNOR,3
TOSCA,2
FISCHER,1
BUCKSHOT,1
KULIK,1
JUNE,3
BLU,2
WESLEY,1
CHUM,1
ROMEO,10
KINGSLEY,1
KU,1
BEAU,9
LIL MAMA,1
CROONER,1
O'MALLEY,2
VLADIMIR,1
RAIDER,3
REBEL,7
ZORRO,5
PUGSLEY,1
PICKLE,1
TUFFY,5
PRIN. KAMIRA,1
SHAQ,1
BIG BABY,1
DISNEY,1
VELMA,1
GOHAN,1
SCOTCH,1
ARDBEG,1
PUKI,1
SIG,1
KRUZER T.,1
DAHNDI,1
HUEY,1
SHOSHANA,1
BELL,2
CABA,1
REILEY,1
KIP,1
BUBBLES,2
BORIA,1
TUGBE,1
ORZO,1
RUSTY,9
DIBS,1
MISS STELLA,1
ROGAN,1
LUCY,82
BRYCE,1
STEIN,1
NICOH,1
DEL,2
ARES,3
DANTE,3
LYCOS,1
LILY,55
FLINT,1
MAZZY,1
BOWEE,1
KEYBO,1
HAPPY,3
ZINA,1
HONDO,2
WENDIGO,1
AHSOKA,1
MARYJANE,1
RASTUS,1
LOMA,1
DIDDLEY,1
SONNY,3
KETEL,1
ROXI,6
NELCHINA,3
NEEKO,1
RANDALL,1
CELIA CRUZ,1
KURO,1
KODIAK,27
POQUITO,1
ROCKET,3
CESAR,2
TRACKER,1
LARS,1
CHIANA,1
ADA,1
S'MORES,1
SIGNE,1
RIVER,13
MOOSIE,1
RIGGER,1
CAMDEN,1
PUNZI,1
MADDISON,1
PANDA JACK,1
BEASLEY,1
ELFMAN,1
MOSS,1
AKEELA,1
KODUH,1
TUPIN,1
SNOOPY,10
NORI,1
GLORY,3
OLY,3
HALEY MARIE,1
DEION,1
BELIEVER,1
AREC,1
GRANITE,1
QUENN,1
MARCO,2
LEE,1
AMY,2
KILLER,2
MARRY,1
RUFUS,9
COVEY,1
IVY,6
KD,1
HAMILTON,1
ABIGALE,1
SILVIE,1
JULY,1
NACHO,2
ISIS,8
MIKA,3
SPENCER,3
JILL,2
ROMMEL,1
STITCHES,1
THUMPER,3
SKITTLEZ,1
PHILLY,1
DEXTER,17
SHAKA,1
LILY SUE,1
OAKLEY,8
DOOMSDAY,1
KA-LAWZZZ,1
PIXIE,6
MAIZEY,2
JERICHO,1
ROBBIE,1
UNANG,1
POGO,3
KAMEA,1
BAAN,1
MIKO,1
CUPCAKE,2
HITCH,1
SAILISH,1
BENELLI,3
RUCKUS,1
DAISIE,1
WATSON,5
SKEEZ,1
ALMOND ROCA,1
JORDY,1
BLONDIE,1
TOPO,1
BOUNCE,1
DEISEL,2
ELLERA,1
MOLNI,1
PURPLE RAIN,1
WALKER,1
BUTTERS,6
CELIE,1
TOOTHLESS,1
MU XU,1
ZOEY DAISY,1
ALIE,1
RASCAL,6
ARWYN,1
WYNN,1
KIMBA KNIK,1
DORY,4
HUCKLE,1
BECKHAM,2
KATNISS,1
TIMOTHY,1
JON CARLO,1
MEIKA,1
PIPPY,2
NOODLES,2
HALO,3
TUCKER,30
CHUCK NORRIS,1
KITANNA,1
BREEZY,1
DIAMOND,9
JOE GRASS,1
DAISY DEETER,1
COALIE,1
GOLDIE,3
BORA,1
C.B.,1
CORA,2
RIPLEE,1
SPARTACUS,1
SCOOBY,4
LITTLE BIT,3
DENZEL,1
TIBOR,1
ATOS,1
AURI,1
PATCHES,10
RUMMY,1
ANGELINA,1
KIMO,1
ROSE,8
EUREKA!,1
NAPO,1
QUIN,1
DARLENE,1
VALLEY,1
JAJA,1
MADALYNN,1
RAMSES,1
SHELDON,2
BARTLETT,1
FURBEE,1
HOPS,1
TAZLINA,4
TATER TOT,1
HORATIO,1
MOE,6
SITA,2
BRANDY,7
JAXSON,1
DAX,5
PADMAE,1
BACCHUS,1
POOKIE,2
MAYNARD,1
BEEVIE,1
BLUE BELL,1
RED SKY,1
KEETNA,2
DAK,1
MISKA,4
BUGSY,1
DAYNA,1
GAGE,2
HURLEY RAE,1
BABYGIRL,1
CASPER,5
RINCON,1
CHIPS,1
OBIE,1
FRANZ,1
JULEE(HONEY),1
POOH BEAR,2
PRIMROSE,1
GUNNAR,2
NEMO,3
MERMENTO,1
NAGO,1
JUBIL,1
RASHA,1
TICKLE,1
MOREMI,1
DOT,3
GYNGER,1
POTATO,1
TT,2
NEESHA,1
BARONESS,1
RJ,2
RACHEL,2
ADAK,4
ZONA,1
TROUBLE,4
L. B.,1
SHAUNCEY,1
ALICA,1
DENVER,1
DD,1
SUE-SUE,1
NAHLA,4
DEWIE,1
WICKET,2
MR. BUGS,1
SENETORI,1
TUESDAY,3
SKYWALKER,1
RYOGA,1
PUAKO,1
TYPHOID,1
GRETA,7
ANOWIK,1
CODY BEAR,1
WOLFE,1
LIBBY,2
MINI,2
WINSTON CHUR,1
NEWBIE,1
KNIKI,1
MIMZY,1
HICCUP,1
MARILYN,1
MARTI,1
LU LU,1
BERTUZZI,1
JOLIE,2
TOKLAT,1
THEADORA,1
T.REXI,1
FORD,1
RECON,1
BRUNDI,1
SANCHO,1
BRONX,2
SEISMIC,1
KILLIAN,1
JEZEBELLE,1
NICO,2
RATCHET,1
QUE,1
JACK DANIELS,1
MESHACH,1
KAEDO,1
BIRDIE BOO,1
MIMOSA,1
ANNABELL,1
GRAEME,1
BROGAN,1
DOGGIE,1
BAXTER,15
EBERT,1
OLIVE,12
GEORGE,18
KHAN KHO,1
PHINEAUS,1
PLUTO,1
PRETZEL,1
CHENA,12
DEEVA,1
SACHI,1
GIZMO,13
KALUULA,1
DIDO,1
ELIZABETH,1
NOELANI,1
SUBY,1
VANELLOPE,1
MOO,2
ARTEMIS,2
PHISH,1
THESIOUS,1
BUGATAMUS,1
PLUM,1
TIMMY,1
NIKITA,2
PIPPIN,4
ZSA ZSA,1
SEESAW,1
KING,14
SOLSTICE,2
SHOOTER,2
EMMETT,2
KOBUK,13
FRANKENSTEIN,1
SAMPSON,14
SULLY,2
MAYA,10
CAMERON,1
ELLAH,1
PUNKIN,1
KENZIE,3
ELIOT,2
LB,2
ADRIAN,1
BLESSING,2
JOEY,8
LILLY BELL,1
EINSTEIN,2
SIR ARTHUR,1
KOHL,1
ROBBY,3
EMMITT,2
MIKE,3
TEMP,1
ELGIN,1
EASTON,2
PIKE,1
KEIKO,1
MAGNUM,2
WHIMSY,1
FLEURY,2
BOCEPHUS,1
SASSAFRAS,1
KLOEE,1
ROSCO,5
GOGO,1
SPRINKLES,1
MIEMIE,1
TANA,1
MAY,2
D2,1
XANDER,2
VIVEE,1
BLAZE,6
LULU,14
TESLA,3
BAY LAUREL,1
REEFER,1
BETSY,3
BREE,3
WHINNIE,1
SITKA ROSE,1
STITCH,2
KRAMER,3
MIA (DULCI),1
CABO,2
SATCHMO,1
WHISPER,2
TIBERIUS,1
KIMIKO,1
WHISKEY GIRL,1
HAWKEYE,1
UNO,1
KEAKE,1
ISABELLA,3
GINGIN,1
DALLAS,9
PAPPY,1
CONRI,1
KESS,1
SPOTAN,1
SHAELEIGH,1
BODHI,6
SHELLY,2
PEYTON,1
TIGGY,1
MADDY,9
BAS,1
COOPER 2,1
HOOTCH,1
RUBY DELICOU,1
ARIES,2
DOBBER,1
ARY,1
ARGOS,1
MAISIE,1
BLIZZARD,4
BESTE,1
THUONG,1
BREW,1
KUPAA,1
WESTWOOD,1
LANA,2
CONNER,1
CODA,1
BONDI,1
SPARKLES,1
HEMISHMCDUFF,1
PEBBLES,5
EDWARD,2
BUBBLEZ,1
ELLA,8
JOHNNY,3
PIERRE,1
GRIZLEE,2
LEXI,16
JORDAN,2
BRECK,1
SKIFF,3
HARVEY JR,1
SHIBA,1
HOWDY,1
HUDSON,2
J.T.,1
ELLY,1
CELLI,1
SOOKIE,1
ZOTTER,1
MAVIS,2
MISHA,4
CALIPER,1
A-LIEN,1
HOBBES,2
ELSA,7
IREESE,1
BONNIE JADE,1
ALAKANUK,1
REAPER,1
SWIVEL,1
BONE,1
PUZZLES,1
BUDDY HOLLY,1
B'GOSH,1
PONYO,1
BABY BOY,1
ADDY,1
LEIA,6
DAWSON,5
GOOSE,4
MARLEE,3
KALADI,1
ROSALINE,1
JUNIE,1
ROGER,4
KEENA,4
DISCO,1
QUORRA,1
AMBER,6
K.C.,1
SOFIE,2
SASHA,24
PW,1
HEFF,2
OBI,5
KAI,8
STASH,1
HOAGEY,1
SHEA,2
EQUINOX,1
NORTH,2
RIKKU,1
LAOTSU,1
PERCY,3
LOHKI,1
LUTHER,1
CATCHER,1
PAPA,2
SIR OLIVER,1
ELLIE MAY,1
FRANKY,1
DUNCAN,3
PHIN,1
SUMMER THYME,1
MUSHU,2
POCA LUNA,1
SANDI,1
NOOSHKA,1
WEMBLEY,1
ARBELL,1
KAYLA,1
NOBLE,1
BLACKIE,3
CALISTA,1
SWYPER,1
TOKEN,1
TAKU,1
HARRY POTTER,1
TEL DOR,1
HATCHER,3
ZASHI,1
LEK,1
RONDY,1
NEVILLE,1
KAHALISI,1
LOGRAY,1
JESSICA,1
SABASTIAN,1
HARRIETT,1
SKEETER,4
HODOR,1
BUSTER,20
ROOSTER,1
ARYA,2
TAZER,2
CHUE,1
CLYDE BARROW,1
JOPLIN,1
LUMI,1
PRINCE,10
GIRDY,1
CRACKERS,1
FRANKIE,18
ALEX,1
MEEKA,1
OZZY,5
OSA,2
ROSCOE,14
CONRAD,1
ROCKO,2
FUD,1
WHITEY,2
HONEY,10
SARAH,7
ITSY,1
PRIM,2
GABRIELLA,1
FENDER,1
NIFFLER,1
SIR LANCELOT,1
BAE,1
WOOFERS,1
PILOT,2
SCHATZY,1
LUNAR,1
NAZ,1
SCRUFFERS,1
CAROL ANN,1
ANES,1
CAPPY,1
BRUIN,1
TURKEY,1
SPIRIT,2
MEEKO,2
WALNUT,1
BEANIE,2
TEKO,1
ANNIE,22
KNIK,4
SILSA,1
BISCUIT,2
PENELOPE,6
DB COOPER,1
XOCHITL,1
ELLI MAE,1
MARX,1
PLACER,1
PANDA,6
DARWIN,1
RAMBO,6
AURELIA,1
CLOUD,1
BRIO,2
POKY,1
CHIYO,1
NEWTOK,1
WEASEL,1
CICERO,1
KEETA,1
DOTTIE,2
LITTLE BUG,1
SIR LOIN TIP,1
PALOOPA,1
KIRIN,1
ROSA,1
CAMILLE,1
SHELBY,6
FAITH ROSE,1
DOMINO,3
MARTINI,1
PHARAOH,1
WYATT,6
CHULI,3
SLAPPY,1
RYLIE,3
ORSON,1
CHARLAMAGNE,1
BRETA,1
SILVER,1
KATIE ROSE,1
SPECK,1
WOLFIE,2
BAILEY BOB,1
CHEVY,4
DERAIL,1
BROWN DAWG,1
ROO!,1
HAMMER,1
BRADY,6
BONNY,1
BRIGGS,1
UKIE,1
JON STEWART,1
BROCK,2
ARISTOTLE,1
SCHNITZEL,2
PIPPI,2
JUNE CARTER,1
RUGBY,1
SOLEIL,1
XENA,13
STOUT,1
SCOUT,20
ROWDY,5
TINKERBELL,6
POKER,1
FREIDA,1
TUT,2
LICHEN,1
CROWLEY,1
GRIZZ,2
NIKISKI,1
HARVEE,1
HAZARD,1
SHANNON,1
HAPPYDAWG,1
DILLON,2
BOGEY,3
CHUMS,1
CUBBY,1
KHLOE,3
G MAN,1
SEAMUS,5
NIKI,1
FAIRBANKS,1
BURNER,1
SYSCO,1
MOKEE,1
PRESLEY,1
WEEZER,1
TYGA,2
JESS,1
SEIJA,1
ISABEL,2
MISS PIGGY,1
VOODOO,1
ZIPPO,3
RONAN,3
SANDIE,1
AEON,1
COOKI,1
IGGY,2
ABBY,49
BADGER,1
FITZ,1
SYDNEY,10
SAKA,1
GRET,1
SHAMUS,1
MINNIE,19
BOO BOO,1
BRYN,1
PIKACHU,2
EMMET,1
FAUKXIE,1
SHAYLA,2
CAPTAIN REX,1
YAGER,2
SOX,4
RIO,8
PEDRO,2
JAXX,2
WHIRRLEY,1
WRANGLER,1
KOLSCH,1
TWIGGY,2
STARLA JEAN,1
LEVON,1
APPLE,1
DANIKIS,1
DARIA,1
BRENNA,1
HERO,2
ASTRID,1
WILLOU,1
OPUS,1
TESSY,1
REXIE,1
BOBBY,5
BERT,2
FINNEGAN,3
TORI,5
DANNY,2
JACK WOOFER,1
RAMON,1
BANSHEE,1
STONEY,1
EMBER,2
PEEPS,1
MELLY,1
WILLIE,8
KUMA,1
FUJITA,1
SAWYER,4
KUSKO,1
SAMMI,2
CRUZE,1
RIBBON,1
KEYSTONE,1
GEORGIE,1
MIYA,1
STUMPY,1
PATRICK,1
KHALEESI,1
PITA,2
SYLVIE,1
ANDY,5
KILLEY,1
BEBA,1
AKI,1
MANGO,1
TYCHO,1
CHAMPAGNE,1
COACH,1
HENDRIX,2
EISA,1
MKAYLA,1
SIRI,2
ELO,1
TINGNOI,1
KEIRNA,1
SPUDS,1
BAUBINO,1
BRAE,1
SHADY,4
TWITTER,1
BEETLE,1
CODEE,1
BARCLAY,1
KRAZY,1
PER,1
ZEUS,19
AGNES,2
DUGAN,2
GUNTHER,1
MIDNIGHT,9
TILA-TEQUILA,1
TACO,2
DIONES,1
TISHKA,1
PEPPER LOU,1
SHABLU,1
AYA,1
KOKONUT,1
TAWNY,1
HARLIE,1
MERCI,1
SUZIE Q,1
GUMBO,2
FREDDY,1
STUBBY,1
TINY,7
TUX,4
JACK,57
KAYLEE,4
DELYA,1
ATL,1
HANNAH BOWDA,1
BOSSY,1
PONCHO,6
TASHA,5
KANGA,1
ROWZER,1
TRANGO,1
CHELSEY,1
IGOR,1
TETRA,1
HYDEE,1
LILAH,1
MAUI,2
HUNNY,2
ECHO,4
KUKUI,2
PEARL SHEMYA,1
MAC TAVISH,1
FRITZ,9
CHRISSY,1
KINDLE,1
SONNIE,1
AUGUSTUS,1
CHUCKIE,1
KARMA,10
GOUDA,2
RITA,1
FURY,2
TINA,3
INDIGO,1
CLEOPATRA,2
SCHROEDER,1
NORA,2
OBIWAN,3
FLIP,2
KNEESA,1
MORGAN,4
SIR,1
TAJ,1
WABB,1
KIYAH,2
JAYDA,1
ATKA,3
ATTU,4
NOCTA,1
DUGAS,1
WASABI,1
SAMUAL,1
BILLIE GOAT,1
MIRA,2
LILLIANA,1
ELVIN,1
TOSINA,1
HAYLEE,1
RUTH,1
LARSEN,1
CAESAR,4
ORSO NERO,1
SNIFIT,1
NIKKI,6
KRYSTAL,2
ROLLY,2
MAXWELL,3
MADGE,1
BITTY,1
LINUS,2
FANG,1
JOY,7
NAMINE,1
HELENA,1
ARNOLD,2
RIDLEY,1
KITSU,1
DAISEY MAE,1
CASPIAN,3
NEWTON,1
FIN,2
PORKCHOP,1
TONKS,2
BO,12
BUZZ,5
BELLA STAR,1
TAMAR,1
MAX,82
CASSIE JO,1
FOSTER,2
TYTUS,1
MARVIN,1
TOVIA,1
ALLIE,10
PEPE,1
ATTICUS,3
KALIAH,1
ARGUS,2
GOON,1
ADAM,1
PAIGE,1
JINX,1
VITO,1
MONTGOMERY,1
RIA,1
MAC,6
AKUTAN,1
SOCKS,1
T-DAWG,1
RUDI,1
TRINITY,3
CEASER,1
ALEXXEE,1
HOLLYWOOD,1
JANGO,2
SUSHI MAE,1
GHOST,3
